"Prints","",""
"","Digital Prints",""
"","Giclee",""
"","Etchings & Engravings",""
"","Lithographs",""
"","Screenprints",""
"","Wood & Linocut Prints",""
"","Letterpress Prints",""
"","Music & Movie Posters",""
"","Monotypes",""
"Collectibles","",""
"","Figurines",""
"","Memorabilia",""
"","Collectible Glass",""
"","Tobacciana",""
"","Advertisements",""
"","Coins & Money",""
"","Collectible Plates",""
"","Display Cases",""
"","Postage Stamps",""
"","Paperweights",""
"","Music Boxes",""
"Photography","",""
"","Nature",""
"","Portraits",""
"","Abstract",""
"","Animals",""
"","Architecture",""
"","Food & Drink",""
"","Locations & Travel",""
"Painting","",""
"","Acrylic",""
"","Watercolor",""
"","Oil",""
"","Mixed",""
"","Combination",""
"","Ink",""
"","Spray Paint",""
"","Gouache",""
"","Encaustics",""
"Drawing & Illustration","",""
"","Digital",""
"","Pen & Ink",""
"","Pencil",""
"","Marker",""
"","Pastel",""
"","Charcoal",""
"Sculpture","",""
"","Art Objects",""
"","Figurines",""
"","Vessels",""
"Mixed Media & Collage","",""
"","Other Assemblage",""
"","Paper",""
"","Paint & Canvas",""
"","Mosaic",""
"Dolls & Miniatures","",""
"","Miniatures",""
"","Art Dolls",""
"","Dollhouses",""
"","Dioramas",""
"Fiber Arts","",""
"","Embroidery",""
"","Felting",""
"","Cross Stitch",""
"","Sewing",""
"","Quilting",""
"","Crochet",""
"","Weaving",""
"","Needlepoint",""
"","Knitting",""
"","Tatting & Lace",""
"","Macram√©",""
"","Basket Weaving",""
"","Batik",""
"","Rugmaking",""
"","Crewel",""
"","Sashiko",""
"Clip Art","",""
"Glass Art","",""
"","Glass Sculptures & Figurines",""
"","Suncatchers",""
"","Panels & Wall Hangings",""
"","Mosaics",""
"Artist Trading Cards","",""